videoId,title,url,publishedAt
jFzmAt8on7A,Andrew Tate and Bonnie Blue Did An Interview Together,https://www.youtube.com/watch?v=jFzmAt8on7A,2025-07-25 17:30:52+00:00
cbbs7OxXS1Q,Silence Your Weakness ‚Äì Andrew Tate Motivational Speech to Destroy Excuses &amp; Build Discipline,https://www.youtube.com/watch?v=cbbs7OxXS1Q,2025-07-23 18:16:49+00:00
LXTJsjB9jn4,School Job Retire Repeat? That‚Äôs The Trap | Andrew Tate | Success Lifestyle,https://www.youtube.com/watch?v=LXTJsjB9jn4,2025-07-22 13:00:42+00:00
QgL1DVbgti4,"Men Don‚Äôt Complain, They Conquer | Andrew Tate",https://www.youtube.com/watch?v=QgL1DVbgti4,2025-07-19 01:00:06+00:00
hVVIarZX2Aw,"Andrew Tate: Stop Being a Loser ‚Äì 1 Hour of Brutal Motivation for Men #AndrewTate,",https://www.youtube.com/watch?v=hVVIarZX2Aw,2025-07-10 13:01:31+00:00
_7kuFaB5FOU,&quot;No One Gives a Sh*t About Men!&quot; - Tate DEFENDS Masculinity &amp; Says Women Can&#39;t Change the World,https://www.youtube.com/watch?v=_7kuFaB5FOU,2025-07-08 15:00:06+00:00
VwujxlRY12U,"Andrew Tate : Why Discipline is key To The Success - 1 Hours Motivational Speech   #AndrewTate,",https://www.youtube.com/watch?v=VwujxlRY12U,2025-07-08 13:00:08+00:00
x-xuYbDtJAM,Andrew Tate: Why UNHAPPINESS Is the START of SUCCESS ‚Äì 1 Hour Brutal Motivation,https://www.youtube.com/watch?v=x-xuYbDtJAM,2025-07-04 12:01:51+00:00
kZlQ092Sl4Q,Andrew Tate: The SECRET POWER You&#39;re IGNORING ‚Äì Change Everything Today,https://www.youtube.com/watch?v=kZlQ092Sl4Q,2025-07-03 12:01:25+00:00
TWPeGPxr1Po,How Society Conditions You To Be Weak - Andrew Tate,https://www.youtube.com/watch?v=TWPeGPxr1Po,2025-07-03 01:02:51+00:00
OwR6HHSy5ds,Andrew Tate Destroys Feminism Using Bonnie Blue as the Ultimate Example,https://www.youtube.com/watch?v=OwR6HHSy5ds,2025-06-23 13:27:40+00:00
nBJDDf7OX-4,Andrew Tate | The Comeback - Motivational Speech Compilation,https://www.youtube.com/watch?v=nBJDDf7OX-4,2025-06-20 19:27:50+00:00
FECdwMfLv74,Andrew Tate‚Äôs Mindset. ~ Motivation Speech Collection,https://www.youtube.com/watch?v=FECdwMfLv74,2025-06-15 16:24:18+00:00
Md7kafJXI6k,Andrew Tate: America‚Äôs Final Chapter Has Begun | Emergency Meeting Episode 86 | #andrewtate,https://www.youtube.com/watch?v=Md7kafJXI6k,2025-06-09 07:15:02+00:00
9ZFfATWY0z0,[EXCLUSIVE] Andrew Tate Opens up on BIGGEST Life Regrets | Allegations &amp; Masculinity,https://www.youtube.com/watch?v=9ZFfATWY0z0,2025-06-01 16:00:07+00:00
08Fk19kx6Ec,Andrew Tate‚Äôs IRON MIND ‚Äì Full FREE Course That Will Change Your Life Forever üîìüî•,https://www.youtube.com/watch?v=08Fk19kx6Ec,2025-05-28 18:30:02+00:00
1Iz6LxlZOik,Andrew Tate | Be Self Accountable ~ Motivational Speech,https://www.youtube.com/watch?v=1Iz6LxlZOik,2025-05-27 21:17:16+00:00
YZUl6GPGSaU,Andrew Tate - NEVER GIVE UP ON YOURSELF (Andrew Tate Motivation),https://www.youtube.com/watch?v=YZUl6GPGSaU,2025-05-25 12:15:08+00:00
6KcDIhqZDmo,Andrew Tate | Unhappiness is Key To Success ~ 1 Hour Motivational Speech,https://www.youtube.com/watch?v=6KcDIhqZDmo,2025-05-24 13:34:01+00:00
00j8zvBTayU,Discipline Over Motivation ‚Äì The Truth | Hardcore Motivational Speech By Andrew Tate,https://www.youtube.com/watch?v=00j8zvBTayU,2025-05-23 14:00:03+00:00
3NexOrW0uew,"&quot;Everything Is My Fault&quot; ‚Äî Andrew Tate on Masculinity, Politics, Family, Allegations &amp; The Matrix",https://www.youtube.com/watch?v=3NexOrW0uew,2025-05-22 17:42:15+00:00
KZeRBX9SNwg,7 Things Weak Women Do The Strong Men Avoid | Andrew Tate Speech!,https://www.youtube.com/watch?v=KZeRBX9SNwg,2025-05-21 01:15:06+00:00
6Jc2rT9Bs4w,Andrew Tate - God&#39;s Timing Is Perfect | Trust The Process &amp; Stop Doubting Your Successüî•(Must Watch),https://www.youtube.com/watch?v=6Jc2rT9Bs4w,2025-05-19 15:03:12+00:00
_c3-BEqgIpU,Best Motivational Speech Compilation | 1 Hour Andrew Tate Motivation,https://www.youtube.com/watch?v=_c3-BEqgIpU,2025-05-19 11:30:35+00:00
-LnynClPiFI,You could be a someone! Andrew Tate motivational speech,https://www.youtube.com/watch?v=-LnynClPiFI,2025-05-18 15:04:12+00:00
HOC0sdtIupU,ANDREW TATE: DISCIPLINE IS LOVE FOR YOUR FUTURE SELF | MOTIVATION VIDEO,https://www.youtube.com/watch?v=HOC0sdtIupU,2025-05-16 15:00:35+00:00
c0ztBJKmxKI,SHE&#39;S NOT THE ONE  - Andrew Tate Emotional Heart Breakup Motivational Speech 2025,https://www.youtube.com/watch?v=c0ztBJKmxKI,2025-05-15 13:01:14+00:00
xDErbQZoma8,Andrew Tate On Returning to Reality | Emergency Meeting Episode 88 | #andrewtate #tristantate,https://www.youtube.com/watch?v=xDErbQZoma8,2025-05-15 07:15:05+00:00
aUY07Edyv1I,Andrew Tate On Grand Theft Auto VI | Emergency Meeting Episode 110 | #andrewtate #grandtheftautovi,https://www.youtube.com/watch?v=aUY07Edyv1I,2025-05-08 07:15:00+00:00
kCyAZ6wYg8w,Andrew Tate: The Power of Your Mind - 1 Hour Powerful Speech | Motivational Video | 2025,https://www.youtube.com/watch?v=kCyAZ6wYg8w,2025-05-06 12:46:36+00:00
eQ21U6QD8gM,Andrew Tate On Gear Up | Emergency Meeting Episode 89 | #andrewtate #emergencymeeting #tristantate,https://www.youtube.com/watch?v=eQ21U6QD8gM,2025-05-05 07:15:03+00:00
wzabWykPhpo,Andrew Tate | Be A Winner ~ Motivational Speech,https://www.youtube.com/watch?v=wzabWykPhpo,2025-05-01 18:18:14+00:00
f4sg9I2cXgw,Andrew Tate on the Birthday of The Real World | Emergency Meeting Episode 90  #andrewtate #realworld,https://www.youtube.com/watch?v=f4sg9I2cXgw,2025-04-28 07:15:02+00:00
wK59i8u1pig,Anddrew Tate On Case Dismissed | Emergency Meeting Episode 91 | #andrewtate #emergencymeeting,https://www.youtube.com/watch?v=wK59i8u1pig,2025-04-23 07:15:11+00:00
ekQZBBTKSf0,Andrew Tate | How To Succeed ~ 1 Hour Motivation,https://www.youtube.com/watch?v=ekQZBBTKSf0,2025-04-19 08:01:34+00:00
Zk8eXXV95dc,Andrew Tate On Knife Crime On Mars | Emergency Meeting Episode 109 | #andrewtate #tristantate,https://www.youtube.com/watch?v=Zk8eXXV95dc,2025-04-17 07:15:05+00:00
bTRgJbrX90k,Mike Thurston x Andrew Tate (Part 2),https://www.youtube.com/watch?v=bTRgJbrX90k,2025-04-15 14:56:29+00:00
0hVjSwcvDy0,Take It Personal | Best Motivational Speech Compilation | 1 Hour Andrew Tate Motivation,https://www.youtube.com/watch?v=0hVjSwcvDy0,2025-04-13 15:00:04+00:00
5Y5d3EvwRvM,Andrew Tate: YOU MUST DISCIPLINE YOURSELF - 1 Hours Powerful Motivational Speech,https://www.youtube.com/watch?v=5Y5d3EvwRvM,2025-04-13 13:00:14+00:00
VG4OiOAf7oc,Andrew Tate On The Return | Emergency Meeting Episode 108 | #andrewtate #tristantate #tatebrothers,https://www.youtube.com/watch?v=VG4OiOAf7oc,2025-04-12 07:15:03+00:00
gZ-UED-LOUw,Andrew Tate Most Recent Interview (UNCENSORED),https://www.youtube.com/watch?v=gZ-UED-LOUw,2025-04-09 13:02:22+00:00
aD1zZ2MdzPg,Andrew Tate on &#39;You&#39;re A Nobody&#39; | Emergency Meeting Episode 107 | #andrewtate # #emergencymeeting,https://www.youtube.com/watch?v=aD1zZ2MdzPg,2025-04-09 07:15:00+00:00
C2AfZy1VB4g,Stop Wasting Time and Take Control of Your Life | Andrew Tate Best Speech,https://www.youtube.com/watch?v=C2AfZy1VB4g,2025-04-05 13:23:20+00:00
j2FfDL5Ep60,"Andrew Tate on  &#39;America, Fuck Yeah&#39;  | Emergency Meeting Episode 106 | #andrewtate #tristantate",https://www.youtube.com/watch?v=j2FfDL5Ep60,2025-04-04 07:15:01+00:00
sbbl-PqoRX8,SUCCESS Awaits You in 2025 with Andrew Tate&#39;s Motivational Talks,https://www.youtube.com/watch?v=sbbl-PqoRX8,2025-04-02 14:01:06+00:00
kZFcgnJGcv8,Andrew Tate: The True Power of Consistency | Motivational Video,https://www.youtube.com/watch?v=kZFcgnJGcv8,2025-03-28 14:00:06+00:00
zmol1d-gxrs,Andrew Tate Emergency MeetingÔøº,https://www.youtube.com/watch?v=zmol1d-gxrs,2025-03-22 04:45:44+00:00
gX6aUn14iKY,Andrew Tate | Push Through Pain ~ Motivational Speech,https://www.youtube.com/watch?v=gX6aUn14iKY,2025-03-15 06:51:24+00:00
WeFs456ncfQ,&quot;Andrew Tate Uncensored: The Interview They Didn&#39;t Want You to See | DZA Podcast&quot;,https://www.youtube.com/watch?v=WeFs456ncfQ,2025-03-15 01:00:32+00:00
guli322kCeA,"Andrew Tate EXPOSES the Truth About Legal Battles, Politics &amp; Masculinity | Andrew Tate DSH #1231",https://www.youtube.com/watch?v=guli322kCeA,2025-03-11 12:12:18+00:00
Athtncv35JM,Andrew Tate x Hodgetwins EMERGENCY PODCAST - Twins Pod - Special Episode - Andrew Tate,https://www.youtube.com/watch?v=Athtncv35JM,2025-03-08 20:00:06+00:00
zbOv6VbEzL0,Andrew Tate | How To Succeed,https://www.youtube.com/watch?v=zbOv6VbEzL0,2025-03-08 02:20:05+00:00
8f3m68V1GJM,Andrew Tate Returns to the USA and Tells the TRUTH About His Case!,https://www.youtube.com/watch?v=8f3m68V1GJM,2025-03-05 16:00:06+00:00
sxySUiFO4rs,Andrew Tate Emergency Meeting - Me Too ! #andrewtate #tristantate #emergencymeeting #tatebrothers,https://www.youtube.com/watch?v=sxySUiFO4rs,2025-03-05 07:15:02+00:00
qTV_bxJX--Q,Andrew Tate Is Back...,https://www.youtube.com/watch?v=qTV_bxJX--Q,2025-03-05 02:00:40+00:00
VewIa-wqNOI,Andrew Tate Tells America: ‚ÄúI‚ÄôM BACK!‚Äù ‚Äì The Interview They Tried To Stop | PBD Podcast | Ep. 555,https://www.youtube.com/watch?v=VewIa-wqNOI,2025-03-03 20:50:38+00:00
qjcmwI3PItA,"STOP THINKING, START DOING | Best Andrew Tate Morning Motivational Speech",https://www.youtube.com/watch?v=qjcmwI3PItA,2025-02-27 22:11:21+00:00
rJzi4kF31Jk,Andrew Tate On South Korean BBQ - Emergency Meeting Episode 94 l #andrewtate #emergencymeeting,https://www.youtube.com/watch?v=rJzi4kF31Jk,2025-02-27 07:15:02+00:00
yU9ML_s9M8o,Andrew Tate On BTC 100K Party - Emergency Metting Episode 95 #andrewtate #emergencymeeting #bitcoin,https://www.youtube.com/watch?v=yU9ML_s9M8o,2025-02-25 07:15:03+00:00
zQb85ExWANA,Andrew Tate on Lawfare Breakdown - Emergency Meeting Episode 96 l #andrewtate #emergencymeeting,https://www.youtube.com/watch?v=zQb85ExWANA,2025-02-17 07:15:02+00:00
rBY89O-pqOo,Andrew Tate On Direct Democracy - Emergency Meeting Episode 97 #andrewtate,https://www.youtube.com/watch?v=rBY89O-pqOo,2025-02-15 07:15:01+00:00
6AC1ZIKb_LE,"No Risk, No Success | Andrew Tate Motivational Speech üî•",https://www.youtube.com/watch?v=6AC1ZIKb_LE,2025-02-14 10:35:09+00:00
eplqig6zq5Y,Andrew Tate On Go Time  - EMERGENCY MEETING EPISODE 98 #andrewtate #emergencymeeting,https://www.youtube.com/watch?v=eplqig6zq5Y,2025-02-12 07:15:01+00:00
lhc7fMBrtSw,Andrew Tate On Donald Trumps MemeCoin - EMERGENCY MEETING EPISODE 102  #andrewtate  #donaldtrump,https://www.youtube.com/watch?v=lhc7fMBrtSw,2025-02-10 07:15:02+00:00
tzqU48dBRiw,Andrew Tate On Time Vacuum - Emergency Meeting Episode 99 #andrewtate  #emergencymeeting,https://www.youtube.com/watch?v=tzqU48dBRiw,2025-02-08 07:15:02+00:00
Z2hDZ3EG4jg,Andrew Tate On Unburdened - Emergency Meeting Episode 105 #andrewtate,https://www.youtube.com/watch?v=Z2hDZ3EG4jg,2025-02-07 07:15:01+00:00
E3d2rIAVieU,Crypto Masterclass by Andrew Tate - EMERGENCY MEETING EPISODE 103 - CRYPTO FOMO,https://www.youtube.com/watch?v=E3d2rIAVieU,2025-02-03 06:10:50+00:00
MYWaPEeJ7v8,INTERVIEW: Andrew Tate fights back,https://www.youtube.com/watch?v=MYWaPEeJ7v8,2025-01-30 00:00:11+00:00
zrkj7pYSzTY,(Uncut) The Fellas: Andrew Tate - Ep. 82,https://www.youtube.com/watch?v=zrkj7pYSzTY,2025-01-24 03:45:58+00:00
Ib8uMjlf2Zs,Andrew Tate on Trump Inauguration 2025 - A NEW CHAPTER - EMERGENCY MEETING EPISODE 104,https://www.youtube.com/watch?v=Ib8uMjlf2Zs,2025-01-21 18:07:06+00:00
Rt6IOMNmt7A,Andrew Tate On Trump MemeCoin - EMERGENCY MEETING EPISODE 102,https://www.youtube.com/watch?v=Rt6IOMNmt7A,2025-01-20 21:59:22+00:00
dDSLAXpkv-Y,Andrew Tate Teaches on How To Be Rich,https://www.youtube.com/watch?v=dDSLAXpkv-Y,2025-01-19 07:56:25+00:00
GgbpSuTe0X0,Andrew Tate Emergency Meeting Ep. 101 thoughts Pt.2,https://www.youtube.com/watch?v=GgbpSuTe0X0,2025-01-19 04:57:58+00:00
r6OplNoLDH8,EMERGENCY MEETING EPISODE 1 - STRENGTH AND HONOR. #andrewtate,https://www.youtube.com/watch?v=r6OplNoLDH8,2025-01-15 07:15:03+00:00
9Ddc2J15pl0,Andrew Tate On Strength &amp; Honor - Emergency Meeting Episode 101,https://www.youtube.com/watch?v=9Ddc2J15pl0,2025-01-15 00:40:01+00:00
FQol3G_FO2I,ANDREW TATE x THE BENNY SHOW | ANDREW TATE FULL INTERVIEW | ANDREW TATE  LATEST INTERVIEW,https://www.youtube.com/watch?v=FQol3G_FO2I,2025-01-12 09:48:35+00:00
yj2TbQ9ri1M,Andrew Tate For UK Prime Minister - Emergency Meeting Episode 100,https://www.youtube.com/watch?v=yj2TbQ9ri1M,2025-01-10 01:15:51+00:00
6js4wdndz_4,Andrew Tate The Comeback  Motivational Speech Compilation,https://www.youtube.com/watch?v=6js4wdndz_4,2025-01-08 09:46:36+00:00
6WxKtlwa7vc,Andrew Tate Reviews 2024 - Time Vacuum - Emergency Meeting Episode 99,https://www.youtube.com/watch?v=6WxKtlwa7vc,2025-01-07 23:44:38+00:00
DcfLhwunAn4,Andrew Tate&#39;s Brutally Honest Take on 9-to-5 Jobs | Must-See Motivational Speech!,https://www.youtube.com/watch?v=DcfLhwunAn4,2025-01-02 13:30:08+00:00
xtQsSH7de_0,Andrew Tate on Direct Democracy with Tristan Tate &amp; MEP Fidias @FidiasPanayiotou - Emergency Meeting,https://www.youtube.com/watch?v=xtQsSH7de_0,2025-01-01 23:24:46+00:00
tauzLegrtAo,She&#39;s Nothing Special - 1 Hour of Andrew Tate Heartbreak Motivational speech,https://www.youtube.com/watch?v=tauzLegrtAo,2024-12-27 18:32:57+00:00
kDL7rtAucoY,MEP FIDIAS x ANDREW TATE FULL INTERVIEW | ANDREW TATE LATEST INTERVIEW 2024,https://www.youtube.com/watch?v=kDL7rtAucoY,2024-12-27 04:52:41+00:00
1V8lPEk4xY8,ANDREW TATE INTERVIEW WITH MARIO NAWFAL | ANDREW TATE LATEST INTERVIEW 2024,https://www.youtube.com/watch?v=1V8lPEk4xY8,2024-12-22 23:49:26+00:00
B55SSOQFkrA,The Andrew Tate Interview - PART 1 ||  An Inspiring Storyteller,https://www.youtube.com/watch?v=B55SSOQFkrA,2024-12-09 17:00:11+00:00
qPFCvswMDp8,Andrew Tate EXPOSES The System | Full Interview Part 2,https://www.youtube.com/watch?v=qPFCvswMDp8,2024-12-08 04:47:39+00:00
tRNFEQLL2R0,The DARK TRUTH About Power | Andrew Tate Interview,https://www.youtube.com/watch?v=tRNFEQLL2R0,2024-12-05 09:08:56+00:00
FsUj9rkG1I8,Andrew Tate &amp; Tristan Tate Speaks Out On Conor McGrogor,https://www.youtube.com/watch?v=FsUj9rkG1I8,2024-11-29 00:39:39+00:00
pEugt5ZLh7E,WHAT YOUR DAD FORGOT TO TEACH YOU - Andrew Tate Motivational Speech,https://www.youtube.com/watch?v=pEugt5ZLh7E,2024-11-26 05:56:00+00:00
Qo6sQW2vyiA,ANDREW TATE x MARIO NAWFAL FULL INTERVIEW | ANDREW TATE LATEST INTERVIEW 2024,https://www.youtube.com/watch?v=Qo6sQW2vyiA,2024-11-21 13:14:15+00:00
qavsXxM88Hw,"Andrew Tate on Life, Crypto, Ukraine, Israel, Trump &amp; Russia...",https://www.youtube.com/watch?v=qavsXxM88Hw,2024-11-19 22:00:06+00:00
YI-MPFRPN_g,ANDREW TATE : You Don&#39;t Need Anyone - Masculine Motivational Speech By Andrew Tate,https://www.youtube.com/watch?v=YI-MPFRPN_g,2024-09-22 13:22:20+00:00
JNd6Swkw-9k,How To Get Over A Breakup - Andrew Tate Motivation,https://www.youtube.com/watch?v=JNd6Swkw-9k,2024-08-26 12:30:25+00:00
1RGGrgpx8tE,Andrew tate Interview Part-2,https://www.youtube.com/watch?v=1RGGrgpx8tE,2024-08-25 08:26:23+00:00
7NHXfH3P7q8,Andrew Tate&#39;s Interview on masculinity and the future,https://www.youtube.com/watch?v=7NHXfH3P7q8,2024-08-23 10:37:47+00:00
0s0aXBe6HrY,MUST WATCH! Andrew Tate UNLEASHES On The Media. | Candace EP 50,https://www.youtube.com/watch?v=0s0aXBe6HrY,2024-08-22 20:41:47+00:00
KMy8nwEWnvg,Andrew Tate Interview 2024 - Jack Neel Podcast,https://www.youtube.com/watch?v=KMy8nwEWnvg,2024-08-20 23:30:02+00:00
FijVwGa0LXU,The Matrix is real (ft. Andrew Tate &amp; Candace Owens),https://www.youtube.com/watch?v=FijVwGa0LXU,2024-08-19 19:00:08+00:00
7rv443IbAjo,WATCH THIS AFTER A BREAKUP | Andrew Tate Motivation,https://www.youtube.com/watch?v=7rv443IbAjo,2024-08-17 12:52:25+00:00
33Luf05WSCU,G Mindset: 1 Hour of Andrew Tate Motivational Speech.,https://www.youtube.com/watch?v=33Luf05WSCU,2024-08-17 07:10:18+00:00
iwOXLfVsieA,Andrew Tate x Candace Owens | Candace Ep 46,https://www.youtube.com/watch?v=iwOXLfVsieA,2024-08-15 20:00:06+00:00
ne8GID6OmaI,ANDREW TATE : BE THE BEST VERSION OF YOU | Motivational Speech,https://www.youtube.com/watch?v=ne8GID6OmaI,2024-08-09 17:24:42+00:00
zvCbtEuM468,Andrew Tate Interview with The Thread Guy,https://www.youtube.com/watch?v=zvCbtEuM468,2024-07-24 19:00:37+00:00
88ibAvTtWLc,When the Boss meets the Top G | Sitdown with Andrew Tate,https://www.youtube.com/watch?v=88ibAvTtWLc,2024-05-14 19:02:47+00:00
Bsf7ubF9kkc,Andrew Tate Hosts Emergency Meeting  They Don&#39;t Want To Hear Truth,https://www.youtube.com/watch?v=Bsf7ubF9kkc,2024-05-10 00:21:52+00:00
SM8VZkD36DI,Andrew Tate telling stories for 2 hours straight,https://www.youtube.com/watch?v=SM8VZkD36DI,2024-04-13 08:04:39+00:00
IT2-jrybG-0,Adin Ross &amp; Andrew Tate Finally Reunite *Full Stream*,https://www.youtube.com/watch?v=IT2-jrybG-0,2024-03-28 11:00:26+00:00
4671HEJwadk,(LIVE) ANDREW TATES EMERGENCY MEETING,https://www.youtube.com/watch?v=4671HEJwadk,2024-03-27 19:07:22+00:00
LA-zhnJzB5g,ANDREW TATE: ‚ÄúYOU NEED TO GET RICH NOW OR ELSE‚Äù | CEOCAST EP. 139,https://www.youtube.com/watch?v=LA-zhnJzB5g,2024-03-10 19:00:07+00:00
nSmmbZfftGk,Andrew Tate vs David Goggins: 2 Hours LIFE TALK | Just Listen!,https://www.youtube.com/watch?v=nSmmbZfftGk,2024-03-10 13:00:30+00:00
961IwCiZAkg,Andrew Tate  Best Interview UNCENSORED,https://www.youtube.com/watch?v=961IwCiZAkg,2024-03-04 02:43:35+00:00
9xuDalG4wOk,The BEST Andrew Tate Podcast Interview | Matt Kim #081,https://www.youtube.com/watch?v=9xuDalG4wOk,2024-02-28 00:00:08+00:00
ONs2tlD1YgE,"Andrew Tate Reveals Stories NEVER Told, How to Get Rich and DESTROYS the Crypto Community",https://www.youtube.com/watch?v=ONs2tlD1YgE,2024-02-23 15:00:08+00:00
qlWRnOvq_W0,&quot;Andrew Tate: Insights on Success and Achievement | Exclusive Interview with Romanian Media&quot;,https://www.youtube.com/watch?v=qlWRnOvq_W0,2024-02-22 21:45:15+00:00
wvDocgydL5Y,&quot;Andrew Tate Discusses the Future of 2024: Insights and Predictions | Exclusive Interview&quot;,https://www.youtube.com/watch?v=wvDocgydL5Y,2024-02-22 18:23:53+00:00
2pMsYSR7g78,PART 2: Andrew Tate Talks Palestine and Israel With Piers Morgan | Latest Interview,https://www.youtube.com/watch?v=2pMsYSR7g78,2023-11-21 21:00:04+00:00
BaBei8L_FHo,"Andrew Tate, Fresh and Fit, and DJ Akademiks | Explosive Podcast Episode Unfiltered Discussion",https://www.youtube.com/watch?v=BaBei8L_FHo,2023-10-03 18:24:57+00:00
L7aYvcwfCTc,ADIN ROSS AND ANDREW TATE FULL INTERVIEW 09/20/23 special guest kim jong un and dillion danis,https://www.youtube.com/watch?v=L7aYvcwfCTc,2023-09-21 04:22:18+00:00
bIDldNHs_u0,Andrew Tate Motivational Speech | Motivational Video,https://www.youtube.com/watch?v=bIDldNHs_u0,2023-09-04 08:10:28+00:00
G4jKClBZDOg,FRESH&amp;FIT PODCAST W/ANDREW TATE CAN WOMEN LEAD MEN??!!,https://www.youtube.com/watch?v=G4jKClBZDOg,2023-08-23 13:18:24+00:00
tggp0bMEhCQ,Andrew Tate - The Art of Attracting Women (FULL PODCAST),https://www.youtube.com/watch?v=tggp0bMEhCQ,2023-08-20 10:06:20+00:00
phr9d-1oju8,Andrew Tate VS Psychologist [ FULL VIDEO],https://www.youtube.com/watch?v=phr9d-1oju8,2023-08-17 18:59:55+00:00
phNsoij4n8o,Exclusive: Andrew Tate UNCENSORED Interview with David Sutcliffe (Psychologist) 2023,https://www.youtube.com/watch?v=phNsoij4n8o,2023-08-16 21:44:08+00:00
sYj0exUT_Mw,Andrew Tate vs Therapist (Round 2),https://www.youtube.com/watch?v=sYj0exUT_Mw,2023-08-16 20:01:57+00:00
bL35Au3CU0Y,David Sutcliffe X Andrew Tate FULL INTERVIEW (Uncensored) #andrewtate #interview #podcast,https://www.youtube.com/watch?v=bL35Au3CU0Y,2023-08-16 15:41:50+00:00
yst5gxmxLoY,ANDREW TATE FULL DEBATES AGAINST THERAPIST (NEW),https://www.youtube.com/watch?v=yst5gxmxLoY,2023-08-16 15:33:55+00:00
coO9zSSMHbw,Andrew Tate interview #cobratate #podcast #influencers,https://www.youtube.com/watch?v=coO9zSSMHbw,2023-08-16 13:02:26+00:00
nOBdNdwEBdo,Andrew Tate&#39;s FULL INTERVIEW with Romanian CNN 2023 (Part 1 &amp; 2),https://www.youtube.com/watch?v=nOBdNdwEBdo,2023-08-16 05:37:08+00:00
mhulwZ9xhh0,Andrew Tate Live from Rumble,https://www.youtube.com/watch?v=mhulwZ9xhh0,2023-08-13 04:22:16+00:00
J7ysRiPgsAM,FRESH &amp; FIT CELINA AND STUPID FRIEND KICKED OUT FT ANDREW TATE,https://www.youtube.com/watch?v=J7ysRiPgsAM,2023-08-05 19:20:23+00:00
EBJmj-cxF0Q,Candace Owens x Andrew Tate Interview,https://www.youtube.com/watch?v=EBJmj-cxF0Q,2023-08-01 17:43:44+00:00
6yzDWF-AH4Y,Andrew Tate Candace Owens Interview Latest 2023 #andrewtate #interview #viral #new #trending #share,https://www.youtube.com/watch?v=6yzDWF-AH4Y,2023-07-29 10:42:12+00:00
nnMZt4J9B0s,PBD Podcast with Andrew Tate - Part 1,https://www.youtube.com/watch?v=nnMZt4J9B0s,2023-07-28 08:20:56+00:00
QG-gy6SjBnw,Full interview Andrew Tate x Tucker Carlson,https://www.youtube.com/watch?v=QG-gy6SjBnw,2023-07-12 18:22:39+00:00
168xsndenpw,Andrew Tate Interview,https://www.youtube.com/watch?v=168xsndenpw,2023-07-05 00:22:05+00:00
0oGP1SWTttQ,The Return! Andrew Tate Emergency Meeting FULL,https://www.youtube.com/watch?v=0oGP1SWTttQ,2023-06-15 09:52:37+00:00
B3OCjKcXs-w,Andrew Tate Explains - (How To Fix America),https://www.youtube.com/watch?v=B3OCjKcXs-w,2023-06-14 19:00:07+00:00
PGR5Uz8qzcc,NEW Andrew Tate Interview on PBD Podcast,https://www.youtube.com/watch?v=PGR5Uz8qzcc,2023-06-13 13:15:44+00:00
pPN73wTN3p0,Andrew Tate EXCLUSIVE INTERVIEW,https://www.youtube.com/watch?v=pPN73wTN3p0,2023-06-12 15:04:49+00:00
vwNTptAzwzc,Andrew Tate BBC INTERVIEW,https://www.youtube.com/watch?v=vwNTptAzwzc,2023-06-01 15:05:37+00:00
XyYOoff3YLY,Andrew &amp; Tristan Tate The Only Podcast Together With Girls And FRANK CASTLE!!! (HEATED DEBATE),https://www.youtube.com/watch?v=XyYOoff3YLY,2023-04-28 23:57:50+00:00
-6PlXmnAjI8,Andrew Tate 2023 OUT OF JAIL Interviews!,https://www.youtube.com/watch?v=-6PlXmnAjI8,2023-04-21 01:17:14+00:00
_sWV2AZgTtY,Andrew Tate &amp; FNF Debate W/11 Women,https://www.youtube.com/watch?v=_sWV2AZgTtY,2023-04-10 18:14:42+00:00
aLbUk7iaA9s,Andrew &amp; Tristan Tate: Emergency Meeting Podcast Live | Andrew Tate Released from Prison | Tate,https://www.youtube.com/watch?v=aLbUk7iaA9s,2023-04-05 06:43:51+00:00
henhP24B8IU,Emergency Meeting #56: The Tate Brothers Are Back To Fight the Matrix.,https://www.youtube.com/watch?v=henhP24B8IU,2023-04-03 02:30:04+00:00
5sBR6pqmmyQ,ANDREW TATE LOST INTERVIEWS PART 4 #freetopg #andrewtate,https://www.youtube.com/watch?v=5sBR6pqmmyQ,2023-03-20 12:05:24+00:00
W6SgLVs2X9c,Can Women LEAD Men! HEATED DEBATE! w  Andrew Tate TateSpeech,https://www.youtube.com/watch?v=W6SgLVs2X9c,2023-03-18 14:25:48+00:00
veVrUlrzNco,Andrew Tate Debate with 10 Girls,https://www.youtube.com/watch?v=veVrUlrzNco,2023-03-16 11:37:49+00:00
9rw7x0s-cE4,LOST Andrew Tate Interview - 02/09/2019 - BEFORE TOP G WAS TOP G,https://www.youtube.com/watch?v=9rw7x0s-cE4,2023-03-05 14:19:46+00:00
YB_wiWesPsY,Andrew Tate&#39;s Lawyer | PBD Podcast | Ep. 240,https://www.youtube.com/watch?v=YB_wiWesPsY,2023-02-24 16:34:16+00:00
PGG9uaQR0XM,Andrew Tate Might Be Getting FRAMED!,https://www.youtube.com/watch?v=PGG9uaQR0XM,2023-02-16 17:07:52+00:00
E0oSTe-e93U,Andrew Tate&#39;s LAST Interview Before Arrest! (MUST SEE) #youtube #motivation #viralvideo #trending,https://www.youtube.com/watch?v=E0oSTe-e93U,2023-02-15 17:20:07+00:00
tR-c3T83BRM,The Andrew Tate interview: A must watch for aspiring entrepreneurs.,https://www.youtube.com/watch?v=tR-c3T83BRM,2023-02-12 12:00:38+00:00
7ryAFMqD09Q,Andrew &amp; Tristan Tate The Only Podcast Together With Girls And FRANK CASTLE!!! (HEATED DEBATE),https://www.youtube.com/watch?v=7ryAFMqD09Q,2023-01-31 00:38:54+00:00
itMYNxpfXQg,Andrew Tate: The Matrix,https://www.youtube.com/watch?v=itMYNxpfXQg,2023-01-28 13:43:37+00:00
l56po1JpWlU,Andrew Tate&#39;s Advice Will CHANGE YOUR LIFE | How To Be Successful &amp; Rich (ONE HOUR),https://www.youtube.com/watch?v=l56po1JpWlU,2023-01-23 16:41:16+00:00
ojabhWvkxaI,NEW FULL ANDREW TATE INTERVIEW with Tucker Carlson,https://www.youtube.com/watch?v=ojabhWvkxaI,2023-01-23 01:14:55+00:00
RBMxOM1Qg-E,ANDREW TATE NEW INTERVIEW 2023 W/ TIM DILLON,https://www.youtube.com/watch?v=RBMxOM1Qg-E,2023-01-18 03:46:16+00:00
matNyX_8hDk,Andrew Tate on @TheRedManGroup Podcast Episode 102,https://www.youtube.com/watch?v=matNyX_8hDk,2023-01-12 14:43:34+00:00
hjNOTUvElTU,Andrew Tate Gives Game to Modern Women,https://www.youtube.com/watch?v=hjNOTUvElTU,2023-01-06 16:22:22+00:00
JpDPz7sXBUg,Andrew Tate BEFORE He Was Famous. (FULL interview),https://www.youtube.com/watch?v=JpDPz7sXBUg,2023-01-06 12:10:22+00:00
7pojhRrc7Xs,Andrew Tate Arrested After Fight With¬†Greta Thunberg |¬†Ep. 1153,https://www.youtube.com/watch?v=7pojhRrc7Xs,2023-01-03 17:00:10+00:00
Eqa0zc_Z050,ANDREW TATE PROVIDES EVIDENCE WHY MASCULINITY IS TARGETED?,https://www.youtube.com/watch?v=Eqa0zc_Z050,2022-12-31 04:51:02+00:00
_Cn_xmSmtcY,Andrew Tate Arrested? The Matrix is Breaking,https://www.youtube.com/watch?v=_Cn_xmSmtcY,2022-12-31 00:32:44+00:00
o2d4qOtv77Q,Andrew Tate arrested in Romana Tristan released - Emergency meeting delayed,https://www.youtube.com/watch?v=o2d4qOtv77Q,2022-12-30 22:15:42+00:00
ziJT7B3UDiE,EMERGENCY PODCAST: Tate&#39;s Arrest | PBD Podcast | Ep. 221,https://www.youtube.com/watch?v=ziJT7B3UDiE,2022-12-30 15:50:31+00:00
usjUaXGqLk4,Andrew Tate vs 4 Feminists,https://www.youtube.com/watch?v=usjUaXGqLk4,2022-12-29 22:21:03+00:00
A4eVewR6kG4,Andrew Tate DESTROYS Brittany Renner‚Äôs Reality,https://www.youtube.com/watch?v=A4eVewR6kG4,2022-12-29 20:12:00+00:00
xUarjwVCn3A,ANDREW TATE VS 2 Alpha Women - UNCENSORED EXCLUSIVE TK Talks Podcast,https://www.youtube.com/watch?v=xUarjwVCn3A,2022-12-28 15:00:28+00:00
JodJNqdtQb4,Andrew Tate Destroys Feminist,https://www.youtube.com/watch?v=JodJNqdtQb4,2022-12-27 18:00:06+00:00
iWdrxGHit2I,Andrew Tate Is BACK - New Piers Morgan Interview,https://www.youtube.com/watch?v=iWdrxGHit2I,2022-12-23 17:45:00+00:00
nKc8NcPbn14,Piers Morgan Takes On Andrew Tate AGAIN! New Interview *Gets Heated*,https://www.youtube.com/watch?v=nKc8NcPbn14,2022-12-21 04:26:33+00:00
2QcZSVu3CCY,Piers Morgan Takes On Andrew Tate AGAIN! | The Full Interview #2,https://www.youtube.com/watch?v=2QcZSVu3CCY,2022-12-20 22:03:36+00:00
SBXTvnQ2fhI,Andrew Tate | The Women You CHOOSE Is A Representation Of YOU!,https://www.youtube.com/watch?v=SBXTvnQ2fhI,2022-12-12 16:45:00+00:00
kbNprFqgkYE,PTW # 75 - Andrew Tate,https://www.youtube.com/watch?v=kbNprFqgkYE,2022-12-11 18:23:48+00:00
tpEO8YejH7M,Adin Ross X Andrew Tate IRL (Full Stream),https://www.youtube.com/watch?v=tpEO8YejH7M,2022-12-10 18:41:54+00:00
uXpsSCnfRfs,"Andrew Tate BANNED From the Matrix, Thoughts on Weak Men, Misogyny and More!",https://www.youtube.com/watch?v=uXpsSCnfRfs,2022-11-30 13:33:44+00:00
VQmhlt2VPCQ,Andrew Tate RAW &amp; UNCENSORED ON Fresh and fit [Best Tate Pod On Youtube],https://www.youtube.com/watch?v=VQmhlt2VPCQ,2022-11-23 03:00:07+00:00
RqQ5W7Zjd9A,FULLSEND x ANDREW TATE FULL PODCAST [PT. 2] #fullsend #nelk #topg,https://www.youtube.com/watch?v=RqQ5W7Zjd9A,2022-11-22 18:22:18+00:00
ZkF9n4-2YfQ,Andrew Tate Vs The Matrix | Real Talk with Zuby Ep. 232,https://www.youtube.com/watch?v=ZkF9n4-2YfQ,2022-11-17 19:00:10+00:00
3rtbXH6XbZ0,ANDREW TATE - The Untold truth! A New Chapter - Latest Podcast | Podcast EP 14,https://www.youtube.com/watch?v=3rtbXH6XbZ0,2022-11-12 17:24:12+00:00
bC564ttnEPI,Adin Ross X Andrew Tate Reunite Full Stream,https://www.youtube.com/watch?v=bC564ttnEPI,2022-11-04 15:30:37+00:00
tDn7EyI-E48,"ANDREW TATE UNCENSORED - Fighting Logan Paul, Reverting to ISLAM, Attacks from ILLUMINATI -Exclusive",https://www.youtube.com/watch?v=tDn7EyI-E48,2022-11-01 14:00:07+00:00
Op7h6L_KZPk,Andrew Tate Discussion with Mohammed Hijab,https://www.youtube.com/watch?v=Op7h6L_KZPk,2022-10-30 09:22:35+00:00
diqgTxR99JE,Live Exclusive: Andrew Tate Discussion with Mohammed Hijab,https://www.youtube.com/watch?v=diqgTxR99JE,2022-10-29 08:53:47+00:00
ZEbm3DkRpsc,Andrew Tate Reveals Who Controls The World &amp; The Truth About Freedom of Speech,https://www.youtube.com/watch?v=ZEbm3DkRpsc,2022-10-28 17:15:01+00:00
Bcklo9cmjDs,Andrew Tate vs Piers Morgan Full Interview,https://www.youtube.com/watch?v=Bcklo9cmjDs,2022-10-26 23:42:32+00:00
kJyTkLgW_KI,FULL SEND PODCAST - With ANDREW TATE!!!,https://www.youtube.com/watch?v=kJyTkLgW_KI,2022-10-26 22:30:19+00:00
TjJwoMhIU-U,Andrew Tate&#39;s Most Watched Interview,https://www.youtube.com/watch?v=TjJwoMhIU-U,2022-10-10 12:47:32+00:00
I36ydkpF0S8,Andrew Tate has an Emergency Meeting with Sneako and Fresh and Fit + More | America&#39;s Mind,https://www.youtube.com/watch?v=I36ydkpF0S8,2022-10-03 15:35:09+00:00
iv-C4CVGk28,Exclusive: Andrew Tate UNCENSORED Interview with Patrick Bet-David,https://www.youtube.com/watch?v=iv-C4CVGk28,2022-09-13 17:00:11+00:00
OlTbt7hnPPw,ANDREW TATE EMERGENCY MEETING THE BEGINNING,https://www.youtube.com/watch?v=OlTbt7hnPPw,2022-09-05 10:14:25+00:00
yXewnX9p-ok,Andrew Tate BANNED from Social Media,https://www.youtube.com/watch?v=yXewnX9p-ok,2022-08-29 16:00:38+00:00
PLCU9WIi3_Q,Andrew Tate Rumble Live Stream,https://www.youtube.com/watch?v=PLCU9WIi3_Q,2022-08-27 11:17:47+00:00
2_oyAUAZnvE,Tate rumble stream,https://www.youtube.com/watch?v=2_oyAUAZnvE,2022-08-27 09:49:09+00:00
Ef_FnBvdLPE,Andrew Tate Interview on Tucker Carlson (FULL),https://www.youtube.com/watch?v=Ef_FnBvdLPE,2022-08-26 09:23:53+00:00
_1-OYEB5KX4,Andrew Tate X Adin Ross Full Stream! *Part 4*,https://www.youtube.com/watch?v=_1-OYEB5KX4,2022-08-22 23:37:58+00:00
jkWx8Bp_k8E,Andrew Tate - Interview Compilation,https://www.youtube.com/watch?v=jkWx8Bp_k8E,2022-08-14 13:53:58+00:00
Med2YMtWPkY,The Official Podcast #46 - With Top G Andrew Tate,https://www.youtube.com/watch?v=Med2YMtWPkY,2022-08-05 20:36:02+00:00
_6hfAHuL2Sw,Andrew Tate Destroys Actingliketommy | When Masculine Men Deal With Feminine Video Game Players ü´£,https://www.youtube.com/watch?v=_6hfAHuL2Sw,2022-08-04 04:21:01+00:00
kjNoQ4_YDg0,The King of  Toxic Masculinity  Andrew Tate @TateSpeech,https://www.youtube.com/watch?v=kjNoQ4_YDg0,2022-07-31 13:27:49+00:00
0mTCL7Mzpa8,I Asked Andrew Tate Some Questions‚Ä¶,https://www.youtube.com/watch?v=0mTCL7Mzpa8,2022-07-22 20:03:58+00:00
1etY7PkIusI,Adin Ross X Andrew Tate Full Stream with Guests!,https://www.youtube.com/watch?v=1etY7PkIusI,2022-07-22 15:00:01+00:00
4a6kAVUW7V8,Andrew Tate and Hasan Get HEATED in EPIC Debate,https://www.youtube.com/watch?v=4a6kAVUW7V8,2022-07-22 03:22:23+00:00
i0fbrQXOmLk,Andrew Tate&#39;s LEGENDARY Motivational Speech To Adin Ross,https://www.youtube.com/watch?v=i0fbrQXOmLk,2022-07-18 19:00:17+00:00
1nvcZaD8vQk,"ANDREW TATE: Reveals The Truth About The Matrix, Power &amp; Wealth | CEOCAST EP. 77",https://www.youtube.com/watch?v=1nvcZaD8vQk,2022-06-12 18:00:14+00:00
cgk1WU38pTc,"Mars Mindset #1 - Andrew Tate | Making Millions, Growing Power, Becoming a Sovereign Individual",https://www.youtube.com/watch?v=cgk1WU38pTc,2022-05-16 22:21:33+00:00
HZ6FhDfa9UY,"ANDREW TATES MOST ICONIC INTERVIEW ON MONEY, MASCULINITY &amp; WOMEN ft LAYAH HEILPERN",https://www.youtube.com/watch?v=HZ6FhDfa9UY,2022-01-21 19:09:28+00:00
vsp69jYlYsg,Your Mom&#39;s House Podcast w/ Andrew Tate - Ep.636,https://www.youtube.com/watch?v=vsp69jYlYsg,2021-12-29 14:00:20+00:00
fhUi1htVeJc,My Life as a Pimp - Andrew Tate Tells His Life Story,https://www.youtube.com/watch?v=fhUi1htVeJc,2021-06-20 09:00:10+00:00
_d3QTy6wtnM,The King of Toxic Masculinity - Cobra Tate | Part 2 Interview in Poland,https://www.youtube.com/watch?v=_d3QTy6wtnM,2021-03-13 16:31:17+00:00
IjTxMtSKEEE,How to Be An ALPHA MALE Who Doesn&#39;t Give a F%$# With Andrew Tate,https://www.youtube.com/watch?v=IjTxMtSKEEE,2020-09-21 19:15:12+00:00
2HzJvYkFNz0,The Psychosphere #3: Andrew Tate III,https://www.youtube.com/watch?v=2HzJvYkFNz0,2020-05-25 15:00:10+00:00
cJhU54fLTGo,How To Be The &quot;Badboy&quot; Women Love (w/ Andrew Tate),https://www.youtube.com/watch?v=cJhU54fLTGo,2020-01-20 21:34:05+00:00
yXV_UknHrio,The KING of Toxic Masculinity - a Conversation with Cobra Tate in Warsaw Poland,https://www.youtube.com/watch?v=yXV_UknHrio,2019-04-21 22:58:15+00:00
LL1hTeyEb0Q,Andrew Tate Interviewed by Piero San Giorgio,https://www.youtube.com/watch?v=LL1hTeyEb0Q,2019-02-15 22:23:55+00:00
JC8220eBMy8,Interview with Kickboxing Champion Andrew Tate,https://www.youtube.com/watch?v=JC8220eBMy8,2018-05-27 16:30:47+00:00
_d2UqJq5Lro,"Tristan Tate Reveals How to Actually Get Rich, The Real Andrew Tate &amp; The Hardest Life Lessons",https://www.youtube.com/watch?v=_d2UqJq5Lro,2025-06-30 17:00:06+00:00
opsvsIIfMC0,Tristan Tate reveals | Fresh Charges | Prison | Money | Brotherhood | Masculinity,https://www.youtube.com/watch?v=opsvsIIfMC0,2025-05-06 16:00:07+00:00
yP6V7TdNZDI,Tristan Tate Most Recent Interview,https://www.youtube.com/watch?v=yP6V7TdNZDI,2025-04-14 14:44:07+00:00
IJzYuL5K7Fw,CHALLENGING ANDREW TATE AT ZOO CULTURE.,https://www.youtube.com/watch?v=IJzYuL5K7Fw,2025-03-12 19:52:41+00:00
htx-t6lVF9Y,EMERGENCY MEETING EPISODE  - CRYPTO FOMO. #andrewtate #crypto #cryptocurrency,https://www.youtube.com/watch?v=htx-t6lVF9Y,2025-01-28 07:15:02+00:00
nGHk3FrxbKw,EMERGENCY MEETING - TATE FOR PRIME MINISTER #andrewtate #president #unitedkingdom,https://www.youtube.com/watch?v=nGHk3FrxbKw,2025-01-18 07:15:03+00:00
AlTD2eQ0c8I,"Tristan Tate on Andrew, Case, Trump, Crypto...",https://www.youtube.com/watch?v=AlTD2eQ0c8I,2024-11-22 16:47:47+00:00
nKzg-f0xbRg,Tristan Tate speaking basic ways to improve as a man,https://www.youtube.com/watch?v=nKzg-f0xbRg,2024-10-09 03:57:59+00:00
jBMKtlkwvgY,Best Motivational Speech Compilation | 1 Hour Andrew Tate Motivation,https://www.youtube.com/watch?v=jBMKtlkwvgY,2024-06-04 13:45:03+00:00
DsPQFHOUQFQ,Andrew Tate 60 Minutes Of Non-Stop Motivation | Mind Aikido Speech,https://www.youtube.com/watch?v=DsPQFHOUQFQ,2024-04-20 15:50:20+00:00
Ds3m-k0NgbI,TRISTAN TATE&#39;s Craziest Prison Stories - Podcast 589 - Andrew Tate Interview Romania Prison,https://www.youtube.com/watch?v=Ds3m-k0NgbI,2024-03-23 18:00:07+00:00
_f03f4xwvDM,1 Hour of Andrew Tate Roasting Everybody,https://www.youtube.com/watch?v=_f03f4xwvDM,2024-03-16 12:00:36+00:00
ktJAnThsCl4,GO COLD #AndrewTate #Motivation #Success,https://www.youtube.com/watch?v=ktJAnThsCl4,2024-02-12 18:30:37+00:00
jjRrcgDkV_k,"Heated debate: Andrew Tate, Alex Jones and Elon Musk",https://www.youtube.com/watch?v=jjRrcgDkV_k,2023-12-13 23:10:05+00:00
lwzXYda33wY,Piers Morgan Takes On Andrew Tate | Piers Morgan Uncensored | 20-Nov-23,https://www.youtube.com/watch?v=lwzXYda33wY,2023-11-20 21:02:54+00:00
2oWbDCql4JA,PART 1: Piers Morgan vs Andrew Tate In Romania | Latest Interview,https://www.youtube.com/watch?v=2oWbDCql4JA,2023-11-20 21:00:00+00:00
bMl3ns9lixo,Best Motivational Speech Compilation | 1 Hour Andrew Tate Motivation,https://www.youtube.com/watch?v=bMl3ns9lixo,2023-09-26 08:59:42+00:00
i30BfR2p7Hw,EMERGENCY MEETING - Ep.11 (Part 2),https://www.youtube.com/watch?v=i30BfR2p7Hw,2022-07-19 18:00:28+00:00
WVC32BxDgrA,EMERGENCY MEETING Ep 11 Live Stream,https://www.youtube.com/watch?v=WVC32BxDgrA,2022-07-17 04:08:03+00:00
FbIq5KvXUxo,BREAKDOWN: MODERN WOMAN VS. TOXIC MASCULINITY FT. ANDREW TATE,https://www.youtube.com/watch?v=FbIq5KvXUxo,2022-06-27 03:48:39+00:00
m1S9oOgnGp0,ANDREW TATE AND CHIAN DO NOT GET ALONG | Grilling S2 Ep 7,https://www.youtube.com/watch?v=m1S9oOgnGp0,2022-06-26 17:30:14+00:00
sV-z_yf3Lb4,Andrew Tate &amp; Adin Ross EXPOSE XQC Live on Stream.. (Full Stream),https://www.youtube.com/watch?v=sV-z_yf3Lb4,2022-07-14 20:40:14+00:00
lG9xBI1WZOM,Adin Ross X Andrew Tate Full Stream!,https://www.youtube.com/watch?v=lG9xBI1WZOM,2022-07-12 10:40:21+00:00
HT43DCFGtKc,Emergency Meeting EP 13 | Tate Brothers trolling Vice Reporter | Vice Documentary announcement.,https://www.youtube.com/watch?v=HT43DCFGtKc,2022-08-14 08:21:53+00:00
HBjqDCib1VQ,ANDREW TATE - EMERGENCY MEETING -,https://www.youtube.com/watch?v=HBjqDCib1VQ,2022-08-06 00:20:31+00:00
jIp5Ong0L9M,üö®EMERGENCY MEETINGüö® ANDREW TATE EXPOSES CRYPTO MILLONAIRE SECRET,https://www.youtube.com/watch?v=jIp5Ong0L9M,2022-08-19 23:57:35+00:00
oXhMflZNNyg,Andrew Tate VS Jake Paul (FULL DEBATE),https://www.youtube.com/watch?v=oXhMflZNNyg,2023-07-19 14:09:47+00:00